<?xml version='1.0' encoding='UTF-8'?>
<book version='5.0-subset Scilab' xml:lang='es_VE'>
  <info>
    <title>Amplificadores de Pequeña Señal en RF</title>
  </info>

<reference xml:id='category_amplificadores_de_pequena_senal_en_rf'>
<title>Amplificadores de Pequeña Señal en RF</title>


<refentry version='5.0-subset Scilab' xml:lang='es' xml:id='AmpEst'>
  <info>
    <pubdate>$LastChangedDate: 01-03-2009 $</pubdate>
  </info>
  <refnamediv>
    <refname>AmpEst</refname>
    <refpurpose>  Analizador de Amplificadores Estables, usando los Parámetros Y del Transistor. </refpurpose>
  </refnamediv>
  <refsynopsisdiv>
    <title>Calling Sequence</title>
    <synopsis>AmpEst = AmpEst(yi,yo,yf,yr)</synopsis>
  </refsynopsisdiv>
  <refsection>
    <title>Parameters</title>
    <variablelist>
      <varlistentry>
        <term>yi</term>
        <listitem>
          <para>
            Admitancia de entrada del transistor
          </para>
        </listitem>
      </varlistentry>
      <varlistentry>
        <term>yo</term>
        <listitem>
          <para>
            Admitancia de salida del transistor
          </para>
        </listitem>
      </varlistentry>
      <varlistentry>
        <term>yf</term>
        <listitem>
          <para>
            Ganancia de Transconductancia en directo
          </para>
        </listitem>
      </varlistentry>
      <varlistentry>
        <term>yr</term>
        <listitem>
          <para>
           Ganancia de transconductancia en reverso
          </para>
        </listitem>
      </varlistentry>
      <varlistentry>
        <term>AmpEst</term>
        <listitem>
          <para>
            Los resultados obtenidos se imprimen en pantalla
          </para>
        </listitem>
      </varlistentry>
    </variablelist>
  </refsection>
  <refsection>
    <title>Description</title>
    <para>
          Esta función se encarga de realizar el cálculo de Ys, Zs, Yl y Zl de un amplificador RF.
	  También ofrece como resultado la Ganancia del Amplificador en cuestión
    </para>
  </refsection>
  <refsection>
    <title>Examples</title>
    <programlisting role='example'>
        &gt;-- AmpEst(1+%i,2+%i,20-%i*10,0.05-0.001*%i)
    </programlisting>
  </refsection>
  <refsection>
    <title>See Also</title>
    <simplelist type='inline'>
      <member>
        <link linkend='add a reference name'>AmpInEst</link>
      </member>
      <member>
        <link linkend='add a reference name'>AnalizoTRF</link>
      </member>
    </simplelist>
  </refsection>
  <refsection>
    <title>Authors</title>
    <simplelist type='vert'>
      <member>Ing. Manuel Pérez P.</member>
    </simplelist>
  </refsection>
  <refsection>
     <title>Bibliography</title>
       <para>
         RF CIRCUIT DESIGN - CHRIS BOWICK
       </para>
     </refsection>
  <refsection>
     <title>Used Functions</title>
       <para>
         MAG, GT
       </para>
     </refsection>
</refentry>



<refentry version='5.0-subset Scilab' xml:lang='es' xml:id='AmpInEst'>
  <info>
    <pubdate>$LastChangedDate: 02-03-2009 $</pubdate>
  </info>
  <refnamediv>
    <refname>AmpInEst</refname>
    <refpurpose>  Analizador de Amplificadores Estables, usando los Parámetros Y del Transistor. </refpurpose>
  </refnamediv>
  <refsynopsisdiv>
    <title>Calling Sequence</title>
    <synopsis>AmpEst = AmpInEst(yi,yo,yf,yr,nf,k)</synopsis>
  </refsynopsisdiv>
  <refsection>
    <title>Parameters</title>
    <variablelist>
      <varlistentry>
        <term>yi</term>
        <listitem>
          <para>
            Admitancia de entrada del transistor
          </para>
        </listitem>
      </varlistentry>
      <varlistentry>
        <term>yo</term>
        <listitem>
          <para>
            Admitancia de salida del transistor
          </para>
        </listitem>
      </varlistentry>
      <varlistentry>
        <term>yf</term>
        <listitem>
          <para>
            Ganancia de Transconductancia en directo
          </para>
        </listitem>
      </varlistentry>
      <varlistentry>
        <term>yr</term>
        <listitem>
          <para>
            Ganancia de transconductancia en reverso
          </para>
        </listitem>
      </varlistentry>
      <varlistentry>
        <term>nf</term>
        <listitem>
          <para>
            Resistencia del generador para óptima figura de ruido
          </para>
        </listitem>
      </varlistentry>
      <varlistentry>
        <term>k</term>
        <listitem>
          <para>
            Valor de estabilidad de Stern deseado
          </para>
        </listitem>
      </varlistentry>
      <varlistentry>
        <term>AmpEst</term>
        <listitem>
          <para>
            Los resultados obtenidos se imprimen en pantalla
          </para>
        </listitem>
      </varlistentry>
    </variablelist>
  </refsection>
  <refsection>
    <title>Description</title>
    <para>
          Esta función se encarga de realizar el cálculo de Ys, Zs, Yl y Zl de un amplificador potencialmente inestable en RF. También ofrece como resultado la Ganancia del Amplificador en cuestión
    </para>
  </refsection>
  <refsection>
    <title>Examples</title>
    <programlisting role='example'>
        &gt;-- AmpEst(1+%i,2+%i,20-%i*10,0.05-0.001*%i,25,3)
    </programlisting>
  </refsection>
  <refsection>
    <title>See Also</title>
    <simplelist type='inline'>
      <member>
        <link linkend='add a reference name'>AmpEst</link>
      </member>
      <member>
        <link linkend='add a reference name'>AnalizoTRF</link>
      </member>
    </simplelist>
  </refsection>
  <refsection>
    <title>Authors</title>
    <simplelist type='vert'>
      <member>Ing. Manuel Pérez P.</member>
    </simplelist>
  </refsection>
  <refsection>
     <title>Bibliography</title>
       <para>
         RF CIRCUIT DESIGN - CHRIS BOWICK
       </para>
     </refsection>
  <refsection>
     <title>Used Functions</title>
       <para>
         MAG, GT, abs, real, imag
       </para>
     </refsection>
</refentry>



<refentry version='5.0-subset Scilab' xml:lang='es' xml:id='CLinvill'>
  <info>
    <pubdate>$LastChangedDate: 02-03-2009 $</pubdate>
  </info>
  <refnamediv>
    <refname>CLinvill</refname>
    <refpurpose>  Criterio de estabilidad de Linvill. </refpurpose>
  </refnamediv>
  <refsynopsisdiv>
    <title>Calling Sequence</title>
    <synopsis>C = CLinvill(yi,yo,yf,yr)</synopsis>
  </refsynopsisdiv>
  <refsection>
    <title>Parameters</title>
    <variablelist>
      <varlistentry>
        <term>yi</term>
        <listitem>
          <para>
            Admitancia de entrada del transistor
          </para>
        </listitem>
      </varlistentry>
      <varlistentry>
        <term>yo</term>
        <listitem>
          <para>
            Admitancia de salida del transistor
          </para>
        </listitem>
      </varlistentry>
      <varlistentry>
        <term>yf</term>
        <listitem>
          <para>
            Ganancia de Transconductancia en directo
          </para>
        </listitem>
      </varlistentry>
      <varlistentry>
        <term>yr</term>
        <listitem>
          <para>
           Ganancia de transconductancia en reverso
          </para>
        </listitem>
      </varlistentry>
      <varlistentry>
        <term>C</term>
        <listitem>
          <para>
            Factor de Mérito para la estabilidad de Linvill
          </para>
        </listitem>
      </varlistentry>
    </variablelist>
  </refsection>
  <refsection>
    <title>Description</title>
    <para>
          Esta función realiza el cálculo de estabilidad de Linvill 
    </para>
  </refsection>
  <refsection>
    <title>Examples</title>
    <programlisting role='example'>
        C=CLinvill(1+%i,2+%i,20-%i*10,0.05-0.001*%i)
    </programlisting>
  </refsection>
  <refsection>
    <title>See Also</title>
    <simplelist type='inline'>
      <member>
        <link linkend='add a reference name'>AnalizoTRF</link>
      </member>
      </simplelist>
  </refsection>
  <refsection>
    <title>Authors</title>
    <simplelist type='vert'>
      <member>Ing. Manuel Pérez P.</member>
    </simplelist>
  </refsection>
  <refsection>
     <title>Bibliography</title>
       <para>
         RF CIRCUIT DESIGN - CHRIS BOWICK
       </para>
     </refsection>
  <refsection>
     <title>Used Functions</title>
       <para>
         abs, real
       </para>
     </refsection>
</refentry>



<refentry version='5.0-subset Scilab' xml:lang='es' xml:id='DRollett'>
  <info>
    <pubdate>$LastChangedDate: 02-03-2009 $</pubdate>
  </info>
  <refnamediv>
    <refname>DRollett</refname>
    <refpurpose>  Criterio de estabilidad de Rollett. </refpurpose>
  </refnamediv>
  <refsynopsisdiv>
    <title>Calling Sequence</title>
    <synopsis>K = DRollett(a11,p11,a12,p12,a21,p21,a22,p22)</synopsis>
  </refsynopsisdiv>
  <refsection>
    <title>Parameters</title>
    <variablelist>
      <varlistentry>
        <term>a11</term>
        <listitem>
          <para>
            Módulo de S11
          </para>
        </listitem>
      </varlistentry>
      <varlistentry>
        <term>p11</term>
        <listitem>
          <para>
            Fase de S11
          </para>
        </listitem>
      </varlistentry>
      <varlistentry>
        <term>a12</term>
        <listitem>
          <para>
            Módulo de S12
          </para>
        </listitem>
      </varlistentry>
      <varlistentry>
        <term>p12</term>
        <listitem>
          <para>
            Fase de S12
          </para>
        </listitem>
      </varlistentry>
      <varlistentry>
        <term>a21</term>
        <listitem>
          <para>
            Módulo de S21
          </para>
        </listitem>
      </varlistentry>
      <varlistentry>
        <term>p21</term>
        <listitem>
          <para>
            Fase de S21
          </para>
        </listitem>
      </varlistentry>
      <varlistentry>
        <term>a22</term>
        <listitem>
          <para>
            Módulo de S22
          </para>
        </listitem>
      </varlistentry>
      <varlistentry>
        <term>p22</term>
        <listitem>
          <para>
            Fase de S22
          </para>
        </listitem>
      </varlistentry>
      <varlistentry>
        <term>K</term>
        <listitem>
          <para>
            Factor de Mérito para la estabilidad de Rollett
          </para>
        </listitem>
      </varlistentry>
    </variablelist>
  </refsection>
  <refsection>
    <title>Description</title>
    <para>
          Esta función realiza el cálculo de estabilidad de Rollett 
    </para>
  </refsection>
  <refsection>
    <title>Examples</title>
    <programlisting role='example'>
        K=DRollett(1,45,2,-50,10,160,0.1,-80)
    </programlisting>
  </refsection>
  <refsection>
    <title>See Also</title>
    <simplelist type='inline'>
      <member>
        <link linkend='add a reference name'>analizoTRFS</link>
      </member>
      </simplelist>
  </refsection>
  <refsection>
    <title>Authors</title>
    <simplelist type='vert'>
      <member>Ing. Manuel Pérez P.</member>
    </simplelist>
  </refsection>
  <refsection>
     <title>Bibliography</title>
       <para>
         RF CIRCUIT DESIGN - CHRIS BOWICK
       </para>
     </refsection>
  <refsection>
     <title>Used Functions</title>
       <para>
         PolarCompl, abs
       </para>
     </refsection>
</refentry>



<refentry version='5.0-subset Scilab' xml:lang='es' xml:id='Ds'>
  <info>
    <pubdate>$LastChangedDate: 02-03-2009 $</pubdate>
  </info>
  <refnamediv>
    <refname>Ds</refname>
    <refpurpose>  Constante Ds de un transistor (Parámetros S). </refpurpose>
  </refnamediv>
  <refsynopsisdiv>
    <title>Calling Sequence</title>
    <synopsis>D = Ds(s11,s12,s21,s22)</synopsis>
  </refsynopsisdiv>
  <refsection>
    <title>Parameters</title>
    <variablelist>
      <varlistentry>
        <term>s11</term>
        <listitem>
          <para>
            Coeficiente de Reflexión de entrada
          </para>
        </listitem>
      </varlistentry>
      <varlistentry>
        <term>s12</term>
        <listitem>
          <para>
            Coeficiente de tranmisión inversa
          </para>
        </listitem>
      </varlistentry>
      <varlistentry>
        <term>s21</term>
        <listitem>
          <para>
            Coeficiente de transmisión directa
          </para>
        </listitem>
      </varlistentry>
      <varlistentry>
        <term>s22</term>
        <listitem>
          <para>
            Coeficiente de Reflexión de Salida
          </para>
        </listitem>
      </varlistentry>
      <varlistentry>
        <term>D</term>
        <listitem>
          <para>
            Constante Ds del Transistor
          </para>
        </listitem>
      </varlistentry>
    </variablelist>
  </refsection>
  <refsection>
    <title>Description</title>
    <para>
          Esta función realiza el cálculo de la constante Ds del Transistor 
    </para>
  </refsection>
  <refsection>
    <title>Examples</title>
    <programlisting role='example'>
	//Esta función requiere el ingreso de los Parámetros en su forma compleja.
	//En el caso de tener los parámetros S en su forma Polar, como sucede en la mayoría de los casos
	//es posible utilizar la función PolarCompl para transformar un número Polar a su forma Compleja
	//También se puede transformar directamente en los parámetros de entrada de la función Ds, como se muestra a continuación:        
	D=Ds(PolarCompl(1,45),PolarCompl(2,-50),PolarCompl(10,160),PolarCompl(0.1,-80))
     </programlisting>
  </refsection>
  <refsection>
    <title>See Also</title>
    <simplelist type='inline'>
      <member>
        <link linkend='add a reference name'>analizoTRFS</link>
      </member>
      </simplelist>
  </refsection>
  <refsection>
    <title>Authors</title>
    <simplelist type='vert'>
      <member>Ing. Manuel Pérez P.</member>
    </simplelist>
  </refsection>
  <refsection>
     <title>Bibliography</title>
       <para>
         RF CIRCUIT DESIGN - CHRIS BOWICK
       </para>
     </refsection>
  </refentry>



<refentry version='5.0-subset Scilab' xml:lang='es' xml:id='ECap'>
  <info>
    <pubdate>$LastChangedDate: 02-03-2009 $</pubdate>
  </info>
  <refnamediv>
    <refname>ECap</refname>
    <refpurpose>  Diseño de Circuito de Polarización de un Amplificador Emisor Común Autopolarizado. </refpurpose>
  </refnamediv>
  <refsynopsisdiv>
    <title>Calling Sequence</title>
    <synopsis>[Rc,Re,R1,R2] = ECap(Vce,Ic,hfe)</synopsis>
  </refsynopsisdiv>
  <refsection>
    <title>Parameters</title>
    <variablelist>
      <varlistentry>
        <term>Vce</term>
        <listitem>
          <para>
            Voltaje colector emisor deseado
          </para>
        </listitem>
      </varlistentry>
      <varlistentry>
        <term>Ic</term>
        <listitem>
          <para>
            Corrriente de Colector deseada
          </para>
        </listitem>
      </varlistentry>
      <varlistentry>
        <term>hfe</term>
        <listitem>
          <para>
            Hfe del BJT
          </para>
        </listitem>
      </varlistentry>
      <varlistentry>
        <term>Rc</term>
        <listitem>
          <para>
            Resistencia de Colector
          </para>
        </listitem>
      </varlistentry>
      <varlistentry>
        <term>Re</term>
        <listitem>
          <para>
            Resistencia de Emisor
          </para>
        </listitem>
      </varlistentry>
      <varlistentry>
        <term>R1</term>
        <listitem>
          <para>
            R1, resistencia que conecta la base con tierra
          </para>
        </listitem>
      </varlistentry>
      <varlistentry>
        <term>R2</term>
        <listitem>
          <para>
            R2, resistencia que conecta Vcc con la base
          </para>
        </listitem>
      </varlistentry>
    </variablelist>
  </refsection>
  <refsection>
    <title>Description</title>
    <para>
          Esta función realiza el diseño de un circuito de Polarización de un Amplificador Emisor Común Autopolarizado, ofreciendo como resultado Rc, Re, R1 y R2. Adicionalmente, se muestra en pantalla el valor de Vcc e Ib
    </para>
  </refsection>
  <refsection>
    <title>Examples</title>
    <programlisting role='example'>
        [Rc,Re,R1,R1]=ECap(5,5e-3,160)
    </programlisting>
  </refsection>
  <refsection>
    <title>Authors</title>
    <simplelist type='vert'>
      <member>Ing. Manuel Pérez P.</member>
    </simplelist>
  </refsection>
  <refsection>
     <title>Bibliography</title>
       <para>
         RF CIRCUIT DESIGN - CHRIS BOWICK
       </para>
     </refsection>
  </refentry>



<refentry version='5.0-subset Scilab' xml:lang='es' xml:id='GT'>
  <info>
    <pubdate>$LastChangedDate: 02-03-2009 $</pubdate>
  </info>
  <refnamediv>
    <refname>GT</refname>
    <refpurpose>  Cálculo de la ganancia de un amplificador. </refpurpose>
  </refnamediv>
  <refsynopsisdiv>
    <title>Calling Sequence</title>
    <synopsis>G = GT(yi,yo,yf,yr,ys,yl)</synopsis>
  </refsynopsisdiv>
  <refsection>
    <title>Parameters</title>
    <variablelist>
      <varlistentry>
        <term>yi</term>
        <listitem>
          <para>
            Admitancia de entrada del transistor
          </para>
        </listitem>
      </varlistentry>
      <varlistentry>
        <term>yo</term>
        <listitem>
          <para>
            Admitancia de salida del transistor
          </para>
        </listitem>
      </varlistentry>
      <varlistentry>
        <term>yf</term>
        <listitem>
          <para>
            Ganancia de Transconductancia en directo
          </para>
        </listitem>
      </varlistentry>
      <varlistentry>
        <term>yr</term>
        <listitem>
          <para>
           Ganancia de transconductancia en reverso
          </para>
        </listitem>
      </varlistentry>
      <varlistentry>
        <term>ys</term>
        <listitem>
          <para>
            Admitancia del generador que garantiza la estabilidad del Amplificador
          </para>
        </listitem>
      </varlistentry>
      <varlistentry>
        <term>yl</term>
        <listitem>
          <para>
            Admitancia de la carga que garantiza la estabilidad del Amplificador
          </para>
        </listitem>
      </varlistentry>
      <varlistentry>
        <term>G</term>
        <listitem>
          <para>
            Ganancia de Transconductancia del Amplificador (Párametros Y)
          </para>
        </listitem>
      </varlistentry>
    </variablelist>
  </refsection>
  <refsection>
    <title>Description</title>
    <para>
          Esta función realiza el cálculo de la ganancia de transconductancia de un amplificador, usando parámetros Y 
    </para>
  </refsection>
  <refsection>
    <title>Examples</title>
    <programlisting role='example'>
        --&gt;G=GT(1+%i,2+%i,20-%i*10,0.05-0.001*%i,10-%i,2+%i)
    </programlisting>
  </refsection>
  <refsection>
    <title>See Also</title>
    <simplelist type='inline'>
      <member>
        <link linkend='add a reference name'>AmpEst</link>
      </member>
      <member>
        <link linkend='add a reference name'>AnalizoTRF</link>
      </member>
    </simplelist>
  </refsection>
  <refsection>
    <title>Authors</title>
    <simplelist type='vert'>
      <member>Ing. Manuel Pérez P.</member>
    </simplelist>
  </refsection>
  <refsection>
     <title>Bibliography</title>
       <para>
         RF CIRCUIT DESIGN - CHRIS BOWICK
       </para>
     </refsection>
  <refsection>
     <title>Used Functions</title>
       <para>
         real, abs
       </para>
     </refsection>
</refentry>



<refentry version='5.0-subset Scilab' xml:lang='es' xml:id='GTS'>
  <info>
    <pubdate>$LastChangedDate: 02-03-2009 $</pubdate>
  </info>
  <refnamediv>
    <refname>GTS</refname>
    <refpurpose>  Cálculo de la ganancia de un amplificador (Parámetros S). </refpurpose>
  </refnamediv>
  <refsynopsisdiv>
    <title>Calling Sequence</title>
    <synopsis>G = GTS(s11,s12,s21,s22,rol,ros)</synopsis>
  </refsynopsisdiv>
  <refsection>
    <title>Parameters</title>
    <variablelist>
      <varlistentry>
        <term>s11</term>
        <listitem>
          <para>
            Coeficiente de Reflexión de entrada
          </para>
        </listitem>
      </varlistentry>
      <varlistentry>
        <term>s12</term>
        <listitem>
          <para>
            Coeficiente de tranmisión inversa
          </para>
        </listitem>
      </varlistentry>
      <varlistentry>
        <term>s21</term>
        <listitem>
          <para>
            Coeficiente de transmisión directa
          </para>
        </listitem>
      </varlistentry>
      <varlistentry>
        <term>s22</term>
        <listitem>
          <para>
            Coeficiente de Reflexión de Salida
          </para>
        </listitem>
      </varlistentry>
      <varlistentry>
        <term>rol</term>
        <listitem>
          <para>
            Coeficiente de Reflexión hacia la carga
          </para>
        </listitem>
      </varlistentry>
      <varlistentry>
        <term>ros</term>
        <listitem>
          <para>
            Coeficiente de Reflexión hacia el generador
          </para>
        </listitem>
      </varlistentry>
      <varlistentry>
        <term>G</term>
        <listitem>
          <para>
            Ganancia de Transconductancia del Amplificador
          </para>
        </listitem>
      </varlistentry>
    </variablelist>
  </refsection>
  <refsection>
    <title>Description</title>
    <para>
          Esta función realiza el cálculo de ganancia de un amplificador usando parametros S
    </para>
  </refsection>
  <refsection>
    <title>Examples</title>
    <programlisting role='example'>
        G=GTS(1+%i,2+%i,20-%i*10,0.05-0.001*%i,10-%i,2+%i)
    </programlisting>
  </refsection>
  <refsection>
    <title>See Also</title>
    <simplelist type='inline'>
      <member>
        <link linkend='add a reference name'>analizoTRFS</link>
      </member>
      </simplelist>
  </refsection>
  <refsection>
    <title>Authors</title>
    <simplelist type='vert'>
      <member>Ing. Manuel Pérez P.</member>
    </simplelist>
  </refsection>
  <refsection>
     <title>Bibliography</title>
       <para>
         RF CIRCUIT DESIGN - CHRIS BOWICK
       </para>
     </refsection>
  <refsection>
     <title>Used Functions</title>
       <para>
         abs
       </para>
     </refsection>
</refentry>



<refentry version='5.0-subset Scilab' xml:lang='es' xml:id='GmRp'>
  <info>
    <pubdate>$LastChangedDate: 02-03-2009 $</pubdate>
  </info>
  <refnamediv>
    <refname>GmRp</refname>
    <refpurpose>  Calculo de Gm y Rpi de un Amplificador Emisor Común. </refpurpose>
  </refnamediv>
  <refsynopsisdiv>
    <title>Calling Sequence</title>
    <synopsis>[gm,rpi] = GmRp(hfe,Ic,vt)</synopsis>
  </refsynopsisdiv>
  <refsection>
    <title>Parameters</title>
    <variablelist>
      <varlistentry>
        <term>hfe</term>
        <listitem>
          <para>
            Hfe del BJT
          </para>
        </listitem>
      </varlistentry>
      <varlistentry>
        <term>Ic</term>
        <listitem>
          <para>
            Corriente de Colector
          </para>
        </listitem>
      </varlistentry>
      <varlistentry>
        <term>vt</term>
        <listitem>
          <para>
            Tensión Térmica o potencial equivalente de temperatura
          </para>
        </listitem>
      </varlistentry>
      <varlistentry>
        <term>gm</term>
        <listitem>
          <para>
            Transconductancia del BJT
          </para>
        </listitem>
      </varlistentry>
      <varlistentry>
        <term>rpi</term>
        <listitem>
          <para>
            Resistencia de entrada del BJT en AC
          </para>
        </listitem>
      </varlistentry>
    </variablelist>
  </refsection>
  <refsection>
    <title>Description</title>
    <para>
          Esta función realiza el cálculo de la Transcoductancia de un BJT y de Rpi. Parámetros dependientes de la polarización 
    </para>
  </refsection>
  <refsection>
    <title>Examples</title>
    <programlisting role='example'>
	//Se acostumbra colocar 25mV como lavor de Vt para fines prácticos
	//Para el cálculo preciso de Vt se usa la fórmula:
	//Vt=kT/q
        [G,R]=GmRp(100,10e-3,25e-3)
    </programlisting>
  </refsection>
  <refsection>
    <title>Authors</title>
    <simplelist type='vert'>
      <member>Ing. Manuel Pérez P.</member>
    </simplelist>
  </refsection>
 </refentry>



<refentry version='5.0-subset Scilab' xml:lang='es' xml:id='KStern'>
  <info>
    <pubdate>$LastChangedDate: 02-03-2009 $</pubdate>
  </info>
  <refnamediv>
    <refname>KStern</refname>
    <refpurpose>  Criterio de estabilidad de Stern. </refpurpose>
  </refnamediv>
  <refsynopsisdiv>
    <title>Calling Sequence</title>
    <synopsis>k = KStern(yi,yo,yf,yr,ys,yl)</synopsis>
  </refsynopsisdiv>
  <refsection>
    <title>Parameters</title>
    <variablelist>
      <varlistentry>
        <term>yi</term>
        <listitem>
          <para>
            Admitancia de entrada del transistor
          </para>
        </listitem>
      </varlistentry>
      <varlistentry>
        <term>yo</term>
        <listitem>
          <para>
            Admitancia de salida del transistor
          </para>
        </listitem>
      </varlistentry>
      <varlistentry>
        <term>yf</term>
        <listitem>
          <para>
            Ganancia de Transconductancia en directo
          </para>
        </listitem>
      </varlistentry>
      <varlistentry>
        <term>yr</term>
        <listitem>
          <para>
           Ganancia de transconductancia en reverso
          </para>
        </listitem>
      </varlistentry>
      <varlistentry>
        <term>ys</term>
        <listitem>
          <para>
            Admitancia del generador que garantiza la estabilidad del Amplificador
          </para>
        </listitem>
      </varlistentry>
      <varlistentry>
        <term>yl</term>
        <listitem>
          <para>
            Admitancia de la carga que garantiza la estabilidad del Amplificador
          </para>
        </listitem>
      </varlistentry>
      <varlistentry>
        <term>k</term>
        <listitem>
          <para>
            Factor de Mérito para la estabilidad de Stern
          </para>
        </listitem>
      </varlistentry>
    </variablelist>
  </refsection>
  <refsection>
    <title>Description</title>
    <para>
          Esta función realiza el cálculo de estabilidad de Stern 
    </para>
  </refsection>
  <refsection>
    <title>Examples</title>
    <programlisting role='example'>
        K=KStern(1+%i,2+%i,20-%i*10,0.05-0.001*%i,10-%i,2+%i)
    </programlisting>
  </refsection>
  <refsection>
    <title>See Also</title>
    <simplelist type='inline'>
      <member>
        <link linkend='add a reference name'>analizoTRF</link>
      </member>
      <member>
        <link linkend='add a reference name'>ampInEst</link>
      </member>
    </simplelist>
  </refsection>
  <refsection>
    <title>Authors</title>
    <simplelist type='vert'>
      <member>Ing. Manuel Pérez P.</member>
    </simplelist>
  </refsection>
  <refsection>
     <title>Bibliography</title>
       <para>
         RF CIRCUIT DESIGN - CHRIS BOWICK
       </para>
     </refsection>
  <refsection>
     <title>Used Functions</title>
       <para>
         real, abs
       </para>
     </refsection>
</refentry>



<refentry version='5.0-subset Scilab' xml:lang='es' xml:id='MAG'>
  <info>
    <pubdate>$LastChangedDate: 02-03-2009 $</pubdate>
  </info>
  <refnamediv>
    <refname>MAG</refname>
    <refpurpose>  Cálculo de MAG. </refpurpose>
  </refnamediv>
  <refsynopsisdiv>
    <title>Calling Sequence</title>
    <synopsis>M = MAG(yi,yo,yf)</synopsis>
  </refsynopsisdiv>
  <refsection>
    <title>Parameters</title>
    <variablelist>
      <varlistentry>
        <term>yi</term>
        <listitem>
          <para>
            Admitancia de entrada del transistor
          </para>
        </listitem>
      </varlistentry>
      <varlistentry>
        <term>yo</term>
        <listitem>
          <para>
            Admitancia de salida del transistor
          </para>
        </listitem>
      </varlistentry>
      <varlistentry>
        <term>yf</term>
        <listitem>
          <para>
            Ganancia de Transconductancia en directo
          </para>
        </listitem>
      </varlistentry>
      <varlistentry>
        <term>M</term>
        <listitem>
          <para>
            Máxima Ganancia Disponible por el Transistor
          </para>
        </listitem>
      </varlistentry>
    </variablelist>
  </refsection>
  <refsection>
    <title>Description</title>
    <para>
          Cálculo de la Máxima Ganancia del Amplificador
    </para>
  </refsection>
  <refsection>
    <title>Examples</title>
    <programlisting role='example'>
        M=MAG(1+%i,2+%i,20-%i*10)
    </programlisting>
  </refsection>
  <refsection>
    <title>See Also</title>
    <simplelist type='inline'>
      <member>
        <link linkend='add a reference name'>ampEst</link>
      </member>
      <member>
        <link linkend='add a reference name'>analizoTRF</link>
      </member>
    </simplelist>
  </refsection>
  <refsection>
    <title>Authors</title>
    <simplelist type='vert'>
      <member>Ing. Manuel Pérez P.</member>
    </simplelist>
  </refsection>
  <refsection>
     <title>Bibliography</title>
       <para>
         RF CIRCUIT DESIGN - CHRIS BOWICK
       </para>
     </refsection>
  <refsection>
     <title>Used Functions</title>
       <para>
         abs,real
       </para>
     </refsection>
</refentry>



<refentry version='5.0-subset Scilab' xml:lang='es' xml:id='OColp'>
  <info>
    <pubdate>$LastChangedDate: 02-03-2009 $</pubdate>
  </info>
  <refnamediv>
    <refname>OColp</refname>
    <refpurpose>  Diseño de un oscilador Colpitts. </refpurpose>
  </refnamediv>
  <refsynopsisdiv>
    <title>Calling Sequence</title>
    <synopsis>[c1,c2,l3] = OColp(gm,f,rin)</synopsis>
  </refsynopsisdiv>
  <refsection>
    <title>Parameters</title>
    <variablelist>
      <varlistentry>
        <term>gm</term>
        <listitem>
          <para>
            Transconductancia del Transistor
          </para>
        </listitem>
      </varlistentry>
      <varlistentry>
        <term>f</term>
        <listitem>
          <para>
            Frecuencia del Oscilador a diseñar
          </para>
        </listitem>
      </varlistentry>
      <varlistentry>
        <term>rin</term>
        <listitem>
          <para>
            Impedancia de entrada de entrada
          </para>
        </listitem>
      </varlistentry>
      <varlistentry>
        <term>c1</term>
        <listitem>
          <para>
            C1 del Oscilador Colpitts
          </para>
        </listitem>
      </varlistentry>
      <varlistentry>
        <term>c2</term>
        <listitem>
          <para>
            C2 del oscilador Colpitts
          </para>
        </listitem>
      </varlistentry>
      <varlistentry>
        <term>l3</term>
        <listitem>
          <para>
            L3 del Oscilador Colpitts
          </para>
        </listitem>
      </varlistentry>
    </variablelist>
  </refsection>
  <refsection>
    <title>Description</title>
    <para>
          Esta función realiza el cálculo de los componentes necesarios para la implementación de un Oscilador Colpitts 
    </para>
  </refsection>
  <refsection>
    <title>Examples</title>
    <programlisting role='example'>
        [x,y,z]=OColp(0.2,100e6,500)
    </programlisting>
  </refsection>
  <refsection>
    <title>See Also</title>
    <simplelist type='inline'>
      <member>
        <link linkend='add a reference name'>ECap</link>
      </member>
	<member>
        <link linkend='add a reference name'>OHart</link>
      </member>
      </simplelist>
  </refsection>
  <refsection>
    <title>Authors</title>
    <simplelist type='vert'>
      <member>Ing. Manuel Pérez P.</member>
    </simplelist>
  </refsection>
  <refsection>
     <title>Bibliography</title>
       <para>
         RADIO-FREQUENCY AND MICROWAVE COMMUNICATION CIRCUITS - Devendra K. Misra
	CIRCUITOS ELECTRÓNICOS, ANALISIS, SIMULACIÓN Y DISEÑO - Norbert R. Malik
       </para>
     </refsection>
  </refentry>



<refentry version='5.0-subset Scilab' xml:lang='es' xml:id='OHart'>
  <info>
    <pubdate>$LastChangedDate: 02-03-2009 $</pubdate>
  </info>
  <refnamediv>
    <refname>OHart</refname>
    <refpurpose>  Diseño de un oscilador Hartley. </refpurpose>
  </refnamediv>
  <refsynopsisdiv>
    <title>Calling Sequence</title>
    <synopsis>[c1,c2,l3] = OHart(gm,f,rin)</synopsis>
  </refsynopsisdiv>
  <refsection>
    <title>Parameters</title>
    <variablelist>
      <varlistentry>
        <term>gm</term>
        <listitem>
          <para>
            Transconductancia del Transistor
          </para>
        </listitem>
      </varlistentry>
      <varlistentry>
        <term>f</term>
        <listitem>
          <para>
            Frecuencia del Oscilador a diseñar
          </para>
        </listitem>
      </varlistentry>
      <varlistentry>
        <term>rin</term>
        <listitem>
          <para>
            Impedancia de entrada de entrada
          </para>
        </listitem>
      </varlistentry>
      <varlistentry>
        <term>l1</term>
        <listitem>
          <para>
            L1 del Oscilador Hartley
          </para>
        </listitem>
      </varlistentry>
      <varlistentry>
        <term>l2</term>
        <listitem>
          <para>
            L2 del oscilador Hartley
          </para>
        </listitem>
      </varlistentry>
      <varlistentry>
        <term>C3</term>
        <listitem>
          <para>
            L3 del Oscilador Hartley
          </para>
        </listitem>
      </varlistentry>
    </variablelist>
  </refsection>
  <refsection>
    <title>Description</title>
    <para>
          Esta función realiza el cálculo de los componentes necesarios para la implementación de un Oscilador Hartley  
    </para>
  </refsection>
  <refsection>
    <title>Examples</title>
    <programlisting role='example'>
        [x,y,z]=OHart(0.02,100e6,500)
    </programlisting>
  </refsection>
  <refsection>
    <title>See Also</title>
    <simplelist type='inline'>
      <member>
        <link linkend='add a reference name'>OColp</link>
      </member>
      <member>
        <link linkend='add a reference name'>ECap</link>
      </member>
    </simplelist>
  </refsection>
  <refsection>
    <title>Authors</title>
    <simplelist type='vert'>
      <member>Ing. Manuel Pérez P</member>
    </simplelist>
  </refsection>
    <refsection>
     <title>Bibliography</title>
       <para>
         RADIO-FREQUENCY AND MICROWAVE COMMUNICATION CIRCUITS - Devendra K. Misra
	CIRCUITOS ELECTRÓNICOS, ANALISIS, SIMULACIÓN Y DISEÑO - Norbert R. Malik
       </para>
     </refsection>
  </refentry>



<refentry version='5.0-subset Scilab' xml:lang='es' xml:id='PolarCompl'>
  <info>
    <pubdate>$LastChangedDate: 02-03-2009 $</pubdate>
  </info>
  <refnamediv>
    <refname>PolarCompl</refname>
    <refpurpose>  Transformación de Polar a complejo. </refpurpose>
  </refnamediv>
  <refsynopsisdiv>
    <title>Calling Sequence</title>
    <synopsis>C = PolarCompl(m,p)</synopsis>
  </refsynopsisdiv>
  <refsection>
    <title>Parameters</title>
    <variablelist>
      <varlistentry>
        <term>m</term>
        <listitem>
          <para>
            Magnitud del número polar
          </para>
        </listitem>
      </varlistentry>
      <varlistentry>
        <term>p</term>
        <listitem>
          <para>
            Fase del número polar en grados rectangualres
          </para>
        </listitem>
      </varlistentry>
      <varlistentry>
        <term>C</term>
        <listitem>
          <para>
            Número Complejo
          </para>
        </listitem>
      </varlistentry>
    </variablelist>
  </refsection>
  <refsection>
    <title>Description</title>
    <para>
          Esta función realiza la conversión de polar a complejo
    </para>
  </refsection>
  <refsection>
    <title>Examples</title>
    <programlisting role='example'>
	//Esta función trabaja la fase usando grados rectangulares, por ejemplo:
	//Para transformar un núemro cuya magnitud es 2 y su fase es 45°        
	C=PolarCompl(2,45)
	Ans: 
	C  =   1.4142136 + 1.4142136i
	//Si se desea trabajar con radianes se puede usar la función de la siguiente forma:
	f=0.5235988	
	d=f*180/%pi
	C=PolarCompl(2,d)
 	C  =  1.7320508 + i
	//donde f es la fase del número en radianes
    </programlisting>
  </refsection>
   <refsection>
    <title>Authors</title>
    <simplelist type='vert'>
      <member>Ing. Manuel Pérez P.</member>
    </simplelist>
  </refsection>
 </refentry>



<refentry version='5.0-subset Scilab' xml:lang='es' xml:id='QRA'>
  <info>
    <pubdate>$LastChangedDate: 02-03-2009 $</pubdate>
  </info>
  <refnamediv>
    <refname>QRA</refname>
    <refpurpose>  Cálculo de Q de una red de Adaptación. </refpurpose>
  </refnamediv>
  <refsynopsisdiv>
    <title>Calling Sequence</title>
    <synopsis>Q = QRA(Rh,Rs)</synopsis>
  </refsynopsisdiv>
  <refsection>
    <title>Parameters</title>
    <variablelist>
      <varlistentry>
        <term>Rh</term>
        <listitem>
          <para>
            Resistencia de mayor magnitud
          </para>
        </listitem>
      </varlistentry>
      <varlistentry>
        <term>Rs</term>
        <listitem>
          <para>
            Resistencia de mayor magnitud
          </para>
        </listitem>
      </varlistentry>
      <varlistentry>
        <term>Q</term>
        <listitem>
          <para>
            Factor Q del Circuito
          </para>
        </listitem>
      </varlistentry>
    </variablelist>
  </refsection>
  <refsection>
    <title>Description</title>
    <para>
          Cálculo del Factor de Calidad de una red de adaptación cualquiera, independiente de su constitución 
    </para>
  </refsection>
  <refsection>
    <title>Examples</title>
    <programlisting role='example'>
        Q=QRA(100,75)
    </programlisting>
  </refsection>
  <refsection>
    <title>See Also</title>
    <simplelist type='inline'>
      <member>
        <link linkend='add a reference name'>RAL</link>
      </member>
      </simplelist>
  </refsection>
  <refsection>
    <title>Authors</title>
    <simplelist type='vert'>
      <member>Ing. Manuel Pérez P.</member>
    </simplelist>
  </refsection>
  <refsection>
     <title>Bibliography</title>
       <para>
         RF CIRCUIT DESIGN - CHRIS BOWICK
       </para>
     </refsection>
  </refentry>



<refentry version='5.0-subset Scilab' xml:lang='es' xml:id='RAL'>
  <info>
    <pubdate>$LastChangedDate: 02-03-2009 $</pubdate>
  </info>
  <refnamediv>
    <refname>RAL</refname>
    <refpurpose>  Diseño de Red de Adaptación tipo L. </refpurpose>
  </refnamediv>
  <refsynopsisdiv>
    <title>Calling Sequence</title>
    <synopsis>[Xp,Xs] = RAL(Rg,Rl)</synopsis>
  </refsynopsisdiv>
  <refsection>
    <title>Parameters</title>
    <variablelist>
      <varlistentry>
        <term>Rg</term>
        <listitem>
          <para>
            Resistencia del Generador
          </para>
        </listitem>
      </varlistentry>
      <varlistentry>
        <term>Rl</term>
        <listitem>
          <para>
            Resistencia de la carga
          </para>
        </listitem>
      </varlistentry>
      <varlistentry>
        <term>Xp</term>
        <listitem>
          <para>
            Reactancia Paralelo de la red de Adaptación
          </para>
        </listitem>
      </varlistentry>
      <varlistentry>
        <term>Xs</term>
        <listitem>
          <para>
            Reactancia Serie de la red de Adaptación
          </para>
        </listitem>
      </varlistentry>
    </variablelist>
  </refsection>
  <refsection>
    <title>Description</title>
    <para>
          Calcula las impedancias necesarias para adaptar dos impedancias, usando una red L
    </para>
  </refsection>
  <refsection>
    <title>Examples</title>
    <programlisting role='example'>
        [x,y]=RAL(100,75)
    </programlisting>
  </refsection>
  <refsection>
    <title>See Also</title>
    <simplelist type='inline'>
      <member>
        <link linkend='add a reference name'>QRA</link>
      </member>
      <member>
        <link linkend='add a reference name'>RPi</link>
      </member>
    </simplelist>
  </refsection>
  <refsection>
    <title>Authors</title>
    <simplelist type='vert'>
      <member>Ing. Manuel Pérez P.</member>
    </simplelist>
  </refsection>
  <refsection>
     <title>Bibliography</title>
       <para>
         RF CIRCUIT DESIGN - CHRIS BOWICK
       </para>
     </refsection>
  </refentry>



<refentry version='5.0-subset Scilab' xml:lang='es' xml:id='RPi'>
  <info>
    <pubdate>$LastChangedDate: 02-03-2009 $</pubdate>
  </info>
  <refnamediv>
    <refname>RPi</refname>
    <refpurpose>  Diseño de Red de Adaptación tipo Pi. </refpurpose>
  </refnamediv>
  <refsynopsisdiv>
    <title>Calling Sequence</title>
    <synopsis>[Xp1,Xs1,Xp2,Xs2] = RPi(Rg,Rl,Q)</synopsis>
  </refsynopsisdiv>
  <refsection>
    <title>Parameters</title>
    <variablelist>
      <varlistentry>
        <term>Rg</term>
        <listitem>
          <para>
            Resistencia del Generador
          </para>
        </listitem>
      </varlistentry>
      <varlistentry>
        <term>Rl</term>
        <listitem>
          <para>
            Resistencia de la carga
          </para>
        </listitem>
      </varlistentry>
      <varlistentry>
        <term>Q</term>
        <listitem>
          <para>
            Factor Q del Circuito
          </para>
        </listitem>
      </varlistentry>
      <varlistentry>
        <term>Xp1</term>
        <listitem>
          <para>
            Reactancia Paralelo de la red de Adaptación 1
          </para>
        </listitem>
      </varlistentry>
      <varlistentry>
        <term>Xs1</term>
        <listitem>
          <para>
            Reactancia Serie de la red de Adaptación 1
          </para>
        </listitem>
      </varlistentry>
      <varlistentry>
        <term>Xp2</term>
        <listitem>
          <para>
            Reactancia Paralelo de la red de Adaptación 2
          </para>
        </listitem>
      </varlistentry>
      <varlistentry>
        <term>Xs2</term>
        <listitem>
          <para>
            Reactancia Paralelo de la red de Adaptación 2
          </para>
        </listitem>
      </varlistentry>
    </variablelist>
  </refsection>
  <refsection>
    <title>Description</title>
    <para>
          Calcula las impedancias necesarias para adaptar dos impedancias usando una red Pi 
    </para>
  </refsection>
  <refsection>
    <title>Examples</title>
    <programlisting role='example'>
        [w,x,y,z]=RPi(100,600,16)
    </programlisting>
  </refsection>
  <refsection>
    <title>See Also</title>
    <simplelist type='inline'>
      <member>
        <link linkend='add a reference name'>RAL</link>
      </member>
      <member>
        <link linkend='add a reference name'>RT</link>
      </member>
    </simplelist>
  </refsection>
  <refsection>
    <title>Authors</title>
    <simplelist type='vert'>
      <member>Ing. Manuel Pérez P.</member>
    </simplelist>
  </refsection>
  <refsection>
     <title>Bibliography</title>
       <para>
         RF CIRCUIT DESIGN - CHRIS BOWICK
       </para>
     </refsection>
  <refsection>
     <title>Used Functions</title>
       <para>
         RVirtPi, RAL
       </para>
     </refsection>
</refentry>



<refentry version='5.0-subset Scilab' xml:lang='es' xml:id='RT'>
  <info>
    <pubdate>$LastChangedDate: 02-03-2009 $</pubdate>
  </info>
  <refnamediv>
    <refname>RT</refname>
    <refpurpose>  Diseño de Red de Adaptación tipo T. </refpurpose>
  </refnamediv>
  <refsynopsisdiv>
    <title>Calling Sequence</title>
    <synopsis>[Xp1,Xs1,Xp2,Xs2] = RT(Rg,Rl,Q)</synopsis>
  </refsynopsisdiv>
  <refsection>
    <title>Parameters</title>
    <variablelist>
      <varlistentry>
        <term>Rg</term>
        <listitem>
          <para>
            Resistencia del Generador
          </para>
        </listitem>
      </varlistentry>
      <varlistentry>
        <term>Rl</term>
        <listitem>
          <para>
            Resistencia de la carga
          </para>
        </listitem>
      </varlistentry>
      <varlistentry>
        <term>Q</term>
        <listitem>
          <para>
            Factor Q del Circuito
          </para>
        </listitem>
      </varlistentry>
      <varlistentry>
        <term>Xp1</term>
        <listitem>
          <para>
            Reactancia Paralelo de la red de Adaptación 1
          </para>
        </listitem>
      </varlistentry>
      <varlistentry>
        <term>Xs1</term>
        <listitem>
          <para>
            Reactancia Serie de la red de Adaptación 1
          </para>
        </listitem>
      </varlistentry>
      <varlistentry>
        <term>Xp2</term>
        <listitem>
          <para>
            Reactancia Paralelo de la red de Adaptación 2
          </para>
        </listitem>
      </varlistentry>
      <varlistentry>
        <term>Xs2</term>
        <listitem>
          <para>
            Reactancia Paralelo de la red de Adaptación 2
          </para>
        </listitem>
      </varlistentry>
    </variablelist>
  </refsection>
  <refsection>
    <title>Description</title>
    <para>
          Calcula las impedancias necesarias para adaptar dos impedancias usando una red T 
    </para>
  </refsection>
  <refsection>
    <title>Examples</title>
    <programlisting role='example'>
        [w,x,y,z]=RT(100,600,16)
    </programlisting>
  </refsection>
  <refsection>
    <title>See Also</title>
    <simplelist type='inline'>
      <member>
        <link linkend='add a reference name'>RAL</link>
      </member>
      <member>
        <link linkend='add a reference name'>RPi</link>
      </member>
    </simplelist>
  </refsection>
  <refsection>
    <title>Authors</title>
    <simplelist type='vert'>
      <member>Ing. Manuel Pérez P.</member>
    </simplelist>
  </refsection>
  <refsection>
     <title>Bibliography</title>
       <para>
         RF CIRCUIT DESIGN - CHRIS BOWICK
       </para>
     </refsection>
  <refsection>
     <title>Used Functions</title>
       <para>
         RVirtT, RAL
       </para>
     </refsection>
</refentry>



<refentry version='5.0-subset Scilab' xml:lang='es' xml:id='RVirtPi'>
  <info>
    <pubdate>$LastChangedDate: 02-03-2009 $</pubdate>
  </info>
  <refnamediv>
    <refname>RVirtPi</refname>
    <refpurpose>  Cálculo de la R visrtual de una red Pi. </refpurpose>
  </refnamediv>
  <refsynopsisdiv>
    <title>Calling Sequence</title>
    <synopsis>R = RVirtPi(Rh,Q)</synopsis>
  </refsynopsisdiv>
  <refsection>
    <title>Parameters</title>
    <variablelist>
      <varlistentry>
        <term>Rh</term>
        <listitem>
          <para>
            Resistencia de mayor magnitud
          </para>
        </listitem>
      </varlistentry>
      <varlistentry>
        <term>Q</term>
        <listitem>
          <para>
            Factor Q del circuito
          </para>
        </listitem>
      </varlistentry>
      <varlistentry>
        <term>R</term>
        <listitem>
          <para>
            R virtual de la red Pi
          </para>
        </listitem>
      </varlistentry>
    </variablelist>
  </refsection>
  <refsection>
    <title>Description</title>
    <para>
          Esta función calcula la R Virtual de una Red Pi
    </para>
  </refsection>
  <refsection>
    <title>Examples</title>
    <programlisting role='example'>
        R=RVirtPi(100,16)
    </programlisting>
  </refsection>
  <refsection>
    <title>See Also</title>
    <simplelist type='inline'>
      <member>
        <link linkend='add a reference name'>Rpi</link>
      </member>
      <member>
        <link linkend='add a reference name'>RT</link>
      </member>
    </simplelist>
  </refsection>
  <refsection>
    <title>Authors</title>
    <simplelist type='vert'>
      <member>Ing. Manuel Pérez P.</member>
    </simplelist>
  </refsection>
  <refsection>
     <title>Bibliography</title>
       <para>
         RF CIRCUIT DESIGN - CHRIS BOWICK
       </para>
     </refsection>
  </refentry>



<refentry version='5.0-subset Scilab' xml:lang='es' xml:id='RVirtT'>
  <info>
    <pubdate>$LastChangedDate: 02-03-2009 $</pubdate>
  </info>
  <refnamediv>
    <refname>RVirtT</refname>
    <refpurpose>  Cálculo de la R visrtual de una red T. </refpurpose>
  </refnamediv>
  <refsynopsisdiv>
    <title>Calling Sequence</title>
    <synopsis>R = RVirtT(Rs,Q)</synopsis>
  </refsynopsisdiv>
  <refsection>
    <title>Parameters</title>
    <variablelist>
      <varlistentry>
        <term>Rs</term>
        <listitem>
          <para>
            Resistencia de moren magnitud
          </para>
        </listitem>
      </varlistentry>
      <varlistentry>
        <term>Q</term>
        <listitem>
          <para>
            Factor Q del circuito
          </para>
        </listitem>
      </varlistentry>
      <varlistentry>
        <term>R</term>
        <listitem>
          <para>
            R virtual de la red T
          </para>
        </listitem>
      </varlistentry>
    </variablelist>
  </refsection>
  <refsection>
    <title>Description</title>
    <para>
          Esta función calcula la R Virtual de una Red Pi 
    </para>
  </refsection>
  <refsection>
    <title>Examples</title>
    <programlisting role='example'>
        R=RVirtT(100,16)
    </programlisting>
  </refsection>
  <refsection>
    <title>See Also</title>
    <simplelist type='inline'>
      <member>
        <link linkend='add a reference name'>RT</link>
      </member>
      <member>
        <link linkend='add a reference name'>RPi</link>
      </member>
    </simplelist>
  </refsection>
  <refsection>
    <title>Authors</title>
    <simplelist type='vert'>
      <member>Ing. Manuel Pérez P.</member>
    </simplelist>
  </refsection>
  <refsection>
     <title>Bibliography</title>
       <para>
         RF CIRCUIT DESIGN - CHRIS BOWICK
       </para>
     </refsection>
  </refentry>



<refentry version='5.0-subset Scilab' xml:lang='es' xml:id='RoL'>
  <info>
    <pubdate>$LastChangedDate: 02-03-2009 $</pubdate>
  </info>
  <refnamediv>
    <refname>RoL</refname>
    <refpurpose>  Coeficiente de Reflexión hacia la carga. </refpurpose>
  </refnamediv>
  <refsynopsisdiv>
    <title>Calling Sequence</title>
    <synopsis>R = RoL(s11,s22,D)</synopsis>
  </refsynopsisdiv>
  <refsection>
    <title>Parameters</title>
    <variablelist>
      <varlistentry>
        <term>s11</term>
        <listitem>
          <para>
            Coeficiente de Reflexión de entrada
          </para>
        </listitem>
      </varlistentry>
      <varlistentry>
        <term>s22</term>
        <listitem>
          <para>
            Coeficiente de Reflexión de Salida
          </para>
        </listitem>
      </varlistentry>
      <varlistentry>
        <term>D</term>
        <listitem>
          <para>
            Constante Ds de un amplificador usando parámetros S
          </para>
        </listitem>
      </varlistentry>
      <varlistentry>
        <term>R</term>
        <listitem>
          <para>
           Coeficiente de Reflexión hacia la carga
          </para>
        </listitem>
      </varlistentry>
    </variablelist>
  </refsection>
  <refsection>
    <title>Description</title>
    <para>
          Esta función realiza el cálculo del coeficiente de reflexión de un amplificador hacia la carga, usando Parámetros S 
    </para>
  </refsection>
  <refsection>
    <title>Examples</title>
    <programlisting role='example'>
        R=RoL(1+%i,0.05-0.001*%i,49.949+0.049*%i)
    </programlisting>
  </refsection>
  <refsection>
    <title>See Also</title>
    <simplelist type='inline'>
      <member>
        <link linkend='add a reference name'>analizoTRFS</link>
      </member>
      <member>
        <link linkend='add a reference name'>GTS</link>
      </member>
    </simplelist>
  </refsection>
  <refsection>
    <title>Authors</title>
    <simplelist type='vert'>
      <member>Ing. MAnuel Pérez P.</member>
    </simplelist>
  </refsection>
  <refsection>
     <title>Bibliography</title>
       <para>
         RF CIRCUIT DESIGN - CHRIS BOWICK
       </para>
     </refsection>
  <refsection>
     <title>Used Functions</title>
       <para>
         atan, real, imag, sin, cos
       </para>
     </refsection>
</refentry>



<refentry version='5.0-subset Scilab' xml:lang='es' xml:id='RoS'>
  <info>
    <pubdate>$LastChangedDate: 02-03-2009 $</pubdate>
  </info>
  <refnamediv>
    <refname>RoS</refname>
    <refpurpose>  Coeficiente de Reflexión hacia el generador. </refpurpose>
  </refnamediv>
  <refsynopsisdiv>
    <title>Calling Sequence</title>
    <synopsis>R = RoS(s11,s12,s21,s22,RL)</synopsis>
  </refsynopsisdiv>
  <refsection>
    <title>Parameters</title>
    <variablelist>
      <varlistentry>
        <term>s11</term>
        <listitem>
          <para>
            Coeficiente de Reflexión de entrada
          </para>
        </listitem>
      </varlistentry>
      <varlistentry>
        <term>s12</term>
        <listitem>
          <para>
            Coeficiente de tranmisión inversa
          </para>
        </listitem>
      </varlistentry>
      <varlistentry>
        <term>s21</term>
        <listitem>
          <para>
            Coeficiente de transmisión directa
          </para>
        </listitem>
      </varlistentry>
      <varlistentry>
        <term>s22</term>
        <listitem>
          <para>
            Coeficiente de Reflexión de Salida
          </para>
        </listitem>
      </varlistentry>
      <varlistentry>
        <term>RL</term>
        <listitem>
          <para>
            Coeficiente de Reflexión hacia la carga
          </para>
        </listitem>
      </varlistentry>
      <varlistentry>
        <term>R</term>
        <listitem>
          <para>
            Coeficiente de Reflexión hacia el Generador
          </para>
        </listitem>
      </varlistentry>
    </variablelist>
  </refsection>
  <refsection>
    <title>Description</title>
    <para>
         Esta función realiza el cálculo del coeficiente de reflexion de un amplificador hacia la el generador, usando Parámetros S 
    </para>
  </refsection>
  <refsection>
    <title>Examples</title>
    <programlisting role='example'>
        R=RoS(1+%i,2+%i,20-%i*10,0.05-0.001*%i,-0.02-0.02*%i)
    </programlisting>
  </refsection>
  <refsection>
    <title>See Also</title>
    <simplelist type='inline'>
      <member>
        <link linkend='add a reference name'>RoL</link>
      </member>
      <member>
        <link linkend='add a reference name'>analizoRTFS</link>
      </member>
    </simplelist>
  </refsection>
  <refsection>
    <title>Authors</title>
    <simplelist type='vert'>
      <member>Ing. Manuel Pérez P.</member>
    </simplelist>
  </refsection>
  <refsection>
     <title>Bibliography</title>
       <para>
         RF CIRCUIT DESIGN - CHRIS BOWICK
       </para>
     </refsection>
  <refsection>
     <title>Used Functions</title>
       <para>
         atan, real, imag, sin, cos
       </para>
     </refsection>
</refentry>



<refentry version='5.0-subset Scilab' xml:lang='es' xml:id='SMAG'>
  <info>
    <pubdate>$LastChangedDate: 02-03-2009 $</pubdate>
  </info>
  <refnamediv>
    <refname>SMAG</refname>
    <refpurpose>  Cálculo de MAG (Parámetros S). </refpurpose>
  </refnamediv>
  <refsynopsisdiv>
    <title>Calling Sequence</title>
    <synopsis>M = SMAG(s11,s12,s21,s22,D,k)</synopsis>
  </refsynopsisdiv>
  <refsection>
    <title>Parameters</title>
    <variablelist>
      <varlistentry>
        <term>s11</term>
        <listitem>
          <para>
            Coeficiente de Reflexión de entrada
          </para>
        </listitem>
      </varlistentry>
      <varlistentry>
        <term>s12</term>
        <listitem>
          <para>
            Coeficiente de tranmisión inversa
          </para>
        </listitem>
      </varlistentry>
      <varlistentry>
        <term>s21</term>
        <listitem>
          <para>
            Coeficiente de transmisión directa
          </para>
        </listitem>
      </varlistentry>
      <varlistentry>
        <term>s22</term>
        <listitem>
          <para>
            Coeficiente de Reflexión de Salida
          </para>
        </listitem>
      </varlistentry>
      <varlistentry>
        <term>D</term>
        <listitem>
          <para>
            Constante Ds de un amplificador usando parámetros S
          </para>
        </listitem>
      </varlistentry>
      <varlistentry>
        <term>k</term>
        <listitem>
          <para>
            Factor de Mérito para la estabilidad de Rollett
          </para>
        </listitem>
      </varlistentry>
      <varlistentry>
        <term>M</term>
        <listitem>
          <para>
            Máxima Ganancia Disponible por el Transistor
          </para>
        </listitem>
      </varlistentry>
    </variablelist>
  </refsection>
  <refsection>
    <title>Description</title>
    <para>
          Máxima Ganancia Disponible (Parámetros S) 
    </para>
  </refsection>
  <refsection>
    <title>Examples</title>
    <programlisting role='example'>
        M=SMAG(PolarCompl(0.4,162),PolarCompl(0.04,60),PolarCompl(5.2,63),PolarCompl(0.35,-39),d,k)
    </programlisting>
  </refsection>
  <refsection>
    <title>See Also</title>
    <simplelist type='inline'>
      <member>
        <link linkend='add a reference name'>analizoTRFS</link>
      </member>
      <member>
        <link linkend='add a reference name'>GTS</link>
      </member>
    </simplelist>
  </refsection>
  <refsection>
    <title>Authors</title>
    <simplelist type='vert'>
      <member>Ing. Manuel Pérez P.</member>
    </simplelist>
  </refsection>
  <refsection>
     <title>Bibliography</title>
       <para>
         RF CIRCUIT DESIGN - CHRIS BOWICK
       </para>
     </refsection>
  <refsection>
     <title>Used Functions</title>
       <para>
         abs, sing, sqrt
       </para>
     </refsection>
</refentry>



<refentry version='5.0-subset Scilab' xml:lang='es' xml:id='YL'>
  <info>
    <pubdate>$LastChangedDate: 02-03-2009 $</pubdate>
  </info>
  <refnamediv>
    <refname>YL</refname>
    <refpurpose>  Cálculo de YL de un amplificador RF. </refpurpose>
  </refnamediv>
  <refsynopsisdiv>
    <title>Calling Sequence</title>
    <synopsis>[Gl,Bl] = YL(yi,yo,yf,yr)</synopsis>
  </refsynopsisdiv>
  <refsection>
    <title>Parameters</title>
    <variablelist>
      <varlistentry>
        <term>yi</term>
        <listitem>
          <para>
            Admitancia de entrada del transistor
          </para>
        </listitem>
      </varlistentry>
      <varlistentry>
        <term>yo</term>
        <listitem>
          <para>
            Admitancia de salida del transistor
          </para>
        </listitem>
      </varlistentry>
      <varlistentry>
        <term>yf</term>
        <listitem>
          <para>
            Ganancia de Transconductancia en directo
          </para>
        </listitem>
      </varlistentry>
      <varlistentry>
        <term>yr</term>
        <listitem>
          <para>
           Ganancia de transconductancia en reverso
          </para>
        </listitem>
      </varlistentry>
      <varlistentry>
        <term>Gl</term>
        <listitem>
          <para>
            Conductancia de YL
          </para>
        </listitem>
      </varlistentry>
      <varlistentry>
        <term>Bl</term>
        <listitem>
          <para>
            Suceptancia de YL
          </para>
        </listitem>
      </varlistentry>
    </variablelist>
  </refsection>
  <refsection>
    <title>Description</title>
    <para>
          Esta función realiza el cálculo de la admitancia de la carga que garantiza la estabilidad del amplificador 
    </para>
  </refsection>
  <refsection>
    <title>Examples</title>
    <programlisting role='example'>
        [x,y]=YL(8+%i*5.7,0.4+%i*1.5,52-%i*20,0.01-%i*0.1)
    </programlisting>
  </refsection>
  <refsection>
    <title>See Also</title>
    <simplelist type='inline'>
      <member>
        <link linkend='add a reference name'>analizoTRF</link>
      </member>
      <member>
        <link linkend='add a reference name'>YS</link>
      </member>
    </simplelist>
  </refsection>
  <refsection>
    <title>Authors</title>
    <simplelist type='vert'>
      <member>Ing. Manuel Pérez P.</member>
    </simplelist>
  </refsection>
  <refsection>
     <title>Bibliography</title>
       <para>
         RF CIRCUIT DESIGN - CHRIS BOWICK
       </para>
     </refsection>
  <refsection>
     <title>Used Functions</title>
       <para>
         sqrt, real, abs
       </para>
     </refsection>
</refentry>



<refentry version='5.0-subset Scilab' xml:lang='es' xml:id='YS'>
  <info>
    <pubdate>$LastChangedDate: 02-03-2009 $</pubdate>
  </info>
  <refnamediv>
    <refname>YS</refname>
    <refpurpose>  Cálculo de YS de un amplificador RF. </refpurpose>
  </refnamediv>
  <refsynopsisdiv>
    <title>Calling Sequence</title>
    <synopsis>[Gs,Bs] = YS(yi,yo,yf,yr)</synopsis>
  </refsynopsisdiv>
  <refsection>
    <title>Parameters</title>
    <variablelist>
      <varlistentry>
        <term>yi</term>
        <listitem>
          <para>
            Admitancia de entrada del transistor
          </para>
        </listitem>
      </varlistentry>
      <varlistentry>
        <term>yo</term>
        <listitem>
          <para>
            Admitancia de salida del transistor
          </para>
        </listitem>
      </varlistentry>
      <varlistentry>
        <term>yf</term>
        <listitem>
          <para>
            Ganancia de Transconductancia en directo
          </para>
        </listitem>
      </varlistentry>
      <varlistentry>
        <term>yr</term>
        <listitem>
          <para>
           Ganancia de transconductancia en reverso
          </para>
        </listitem>
      </varlistentry>
      <varlistentry>
        <term>Gl</term>
        <listitem>
          <para>
            Conductancia de YL
          </para>
        </listitem>
      </varlistentry>
      <varlistentry>
        <term>Bl</term>
        <listitem>
          <para>
            Suceptancia de YL
          </para>
        </listitem>
      </varlistentry>
    </variablelist>
  </refsection>
  <refsection>
    <title>Description</title>
    <para>
          AEsta función realiza el cálculo de la admitancia del generador que garantiza la estabilidad del amplificador 
    </para>
  </refsection>
  <refsection>
    <title>Examples</title>
    <programlisting role='example'>
        [x,y]=YS(8+%i*5.7,0.4+%i*1.5,52-%i*20,0.01-%i*0.1)
    </programlisting>
  </refsection>
  <refsection>
    <title>See Also</title>
    <simplelist type='inline'>
      <member>
        <link linkend='add a reference name'>analizoTRF</link>
      </member>
      <member>
        <link linkend='add a reference name'>YL</link>
      </member>
    </simplelist>
  </refsection>
  <refsection>
    <title>Authors</title>
    <simplelist type='vert'>
      <member>Ing. Manuel Pérez P.</member>
    </simplelist>
  </refsection>
  <refsection>
     <title>Bibliography</title>
       <para>
         RF CIRCUIT DESIGN - CHRIS BOWICK
       </para>
     </refsection>
  <refsection>
     <title>Used Functions</title>
       <para>
         sqrt, real, abs
       </para>
     </refsection>
</refentry>



<refentry version='5.0-subset Scilab' xml:lang='es' xml:id='analizoTRF'>
  <info>
    <pubdate>$LastChangedDate: 02-03-2009 $</pubdate>
  </info>
  <refnamediv>
    <refname>analizoTRF</refname>
    <refpurpose> Analizador de Transistores en RF usando Parámetros Y </refpurpose>
  </refnamediv>
  <refsynopsisdiv>
    <title>Calling Sequence</title>
    <synopsis>analizoTRF = analizoTRF(yi,yo,yf,yr)</synopsis>
  </refsynopsisdiv>
  <refsection>
    <title>Parameters</title>
    <variablelist>
      <varlistentry>
        <term>yi</term>
        <listitem>
          <para>
            Admitancia de entrada del transistor
          </para>
        </listitem>
      </varlistentry>
      <varlistentry>
        <term>yo</term>
        <listitem>
          <para>
            Admitancia de salida del transistor
          </para>
        </listitem>
      </varlistentry>
      <varlistentry>
        <term>yf</term>
        <listitem>
          <para>
            Ganancia de Transconductancia en directo
          </para>
        </listitem>
      </varlistentry>
      <varlistentry>
        <term>yr</term>
        <listitem>
          <para>
           Ganancia de transconductancia en reverso
          </para>
        </listitem>
      </varlistentry>
      <varlistentry>
        <term>analizoTRF</term>
        <listitem>
          <para>
            Los resultados se muestran en pantalla
          </para>
        </listitem>
      </varlistentry>
    </variablelist>
  </refsection>
  <refsection>
    <title>Description</title>
    <para>
          Esta función analiza la estabilidad de un transistor usado como amplificador de señales de alta frecuencia y da como resultado YS y YL, usando Parámetros Y.
    </para>
  </refsection>
  <refsection>
    <title>Examples</title>
    <programlisting role='example'>
        analizoTRF(1+%i,2+%i,20-%i*10,0.05-0.001*%i)
    </programlisting>
  </refsection>
  <refsection>
    <title>See Also</title>
    <simplelist type='inline'>
      <member>
        <link linkend='add a reference name'>AmpEst</link>
      </member>
      <member>
        <link linkend='add a reference name'>AmpEst</link>
      </member>
	<member>
        <link linkend='add a reference name'>MAG</link>
      </member>
	<member>
        <link linkend='add a reference name'>GT</link>
      </member>
	<member>
        <link linkend='add a reference name'>CLinvill</link>
      </member>
	<member>
        <link linkend='add a reference name'>KStern</link>
      </member>
    </simplelist>
  </refsection>
  <refsection>
    <title>Authors</title>
    <simplelist type='vert'>
      <member>Ing. Manuel Pérez P.</member>
    </simplelist>
  </refsection>
  <refsection>
     <title>Bibliography</title>
       <para>
         RF CIRCUIT DESIGN - CHRIS BOWICK
       </para>
     </refsection>
  <refsection>
     <title>Used Functions</title>
       <para>
         MAG, GT, CLinvill, KStern, abs, real, imag
       </para>
     </refsection>
</refentry>



<refentry version='5.0-subset Scilab' xml:lang='es' xml:id='analizoTRFS'>
  <info>
    <pubdate>$LastChangedDate: 02-03-2009 $</pubdate>
  </info>
  <refnamediv>
    <refname>analizoTRFS</refname>
    <refpurpose>  Analizador de Transistores en RF usando Parámetros S </refpurpose>
  </refnamediv>
  <refsynopsisdiv>
    <title>Calling Sequence</title>
    <synopsis>[RL,RS,G] = analizoTRFS(a11,p11,a12,p12,a21,p21,a22,p22)</synopsis>
  </refsynopsisdiv>
  <refsection>
    <title>Parameters</title>
    <variablelist>
      <varlistentry>
        <term>a11</term>
        <listitem>
          <para>
            Módulo de S11
          </para>
        </listitem>
      </varlistentry>
      <varlistentry>
        <term>p11</term>
        <listitem>
          <para>
            Fase de S11
          </para>
        </listitem>
      </varlistentry>
      <varlistentry>
        <term>a12</term>
        <listitem>
          <para>
            Módulo de S12
          </para>
        </listitem>
      </varlistentry>
      <varlistentry>
        <term>p12</term>
        <listitem>
          <para>
            Fase de S12
          </para>
        </listitem>
      </varlistentry>
      <varlistentry>
        <term>a21</term>
        <listitem>
          <para>
            Módulo de S21
          </para>
        </listitem>
      </varlistentry>
      <varlistentry>
        <term>p21</term>
        <listitem>
          <para>
            Fase de S21
          </para>
        </listitem>
      </varlistentry>
      <varlistentry>
        <term>a22</term>
        <listitem>
          <para>
            Módulo de S22
          </para>
        </listitem>
      </varlistentry>
      <varlistentry>
        <term>p22</term>
        <listitem>
          <para>
            Fase de S22
          </para>
        </listitem>
      </varlistentry>
      <varlistentry>
        <term>RL</term>
        <listitem>
          <para>
            Coeficiente de Reflexión hacia la carga
          </para>
        </listitem>
      </varlistentry>
      <varlistentry>
        <term>RS</term>
        <listitem>
          <para>
            Coeficiente de Reflexión hacia el generador
          </para>
        </listitem>
      </varlistentry>
      <varlistentry>
        <term>G</term>
        <listitem>
          <para>
            Ganancia de Transconductancia del Amplificador
          </para>
        </listitem>
      </varlistentry>
    </variablelist>
  </refsection>
  <refsection>
    <title>Description</title>
    <para>
          Esta función analiza la estabilidad de un transistor usado como amplificador de señales de alta frecuencia y da como resultado YS y YL, usando Parámetros S 
    </para>
  </refsection>
  <refsection>
    <title>Examples</title>
    <programlisting role='example'>
        [x,y,z]=analizoTRFS(1,45,2,-50,10,160,0.1,-80)
    </programlisting>
  </refsection>
  <refsection>
    <title>See Also</title>
    <simplelist type='inline'>
      <member>
        <link linkend='add a reference name'>AnalizoTRF</link>
      </member>
      <member>
        <link linkend='add a reference name'>DRollet</link>
      </member>
    </simplelist>
  </refsection>
  <refsection>
    <title>Authors</title>
    <simplelist type='vert'>
      <member>Ing. Manuel Pérez P.</member>
    </simplelist>
  </refsection>
  <refsection>
     <title>Bibliography</title>
       <para>
         RF CIRCUIT DESIGN - CHRIS BOWICK
       </para>
     </refsection>
  <refsection>
     <title>Used Functions</title>
       <para>
         PolarCompl, DRollet, SMAG, GTS, RoL, RoS
       </para>
     </refsection>
</refentry>

</reference>
  
</book>